Frame,keyboard-lt_x,keyboard-lt_y,keyboard-lb_x,keyboard-lb_y,keyboard-rt_x,keyboard-rt_y,keyboard-rb_x,keyboard-rb_y
0,396.1787509918213,169.2815923690796,254.18938636779785,216.48220539093018,839.8734283447266,268.0648183822632,725.4838943481445,344.36570405960083
4,413.51569175720215,164.41190242767334,263.1962585449219,210.17210483551025,848.5991477966309,276.5800327062607,715.440616607666,353.9291203022003
8,431.9834518432617,160.37484526634216,274.05670166015625,204.0912365913391,854.765739440918,286.0796070098877,702.2867202758789,363.2001060247421
12,451.2556457519531,157.34252214431763,286.58440589904785,198.45325469970703,857.9138374328613,296.31285667419434,686.132926940918,371.77512288093567
16,470.9539318084717,155.44248819351196,300.5129814147949,193.45720052719116,857.6927375793457,306.9437223672867,667.2879981994629,379.2565870285034
20,490.67161560058594,154.74433064460754,315.51441192626953,189.26905989646912,853.9080047607422,317.57668018341064,646.2472915649414,385.2995878458023
24,510.0893783569336,154.18943524360657,330.95935821533203,185.23499608039856,847.3237037658691,328.4516966342926,623.9352607727051,390.9323877096176
28,528.9723587036133,154.6219253540039,346.8705081939697,181.9703507423401,837.3951530456543,338.923174738884,600.5645942687988,395.07047832012177
32,546.9639015197754,156.2110698223114,362.960786819458,179.6884560585022,824.2440032958984,348.4803628921509,576.7865180969238,397.3533868789673
36,563.7604522705078,158.8400638103485,378.8924789428711,178.38863611221313,808.3328247070312,356.7986923456192,553.3129119873047,397.8146517276764
40,579.7406387329102,160.89076280593872,394.33834075927734,176.72011971473694,791.191463470459,365.31910479068756,530.5893516540527,398.6481535434723
44,594.3873596191406,163.78281712532043,409.3439483642578,175.88391423225403,772.1488952636719,372.52609848976135,508.8984489440918,397.96027958393097
48,607.5159072875977,167.44892477989197,423.69163513183594,175.89282989501953,751.7654800415039,378.1952530145645,488.68228912353516,395.82509100437164
52,620.2125549316406,169.97434258460999,437.43178367614746,174.8851990699768,731.631031036377,384.961114525795,469.5512580871582,395.1219767332077
56,631.5511322021484,173.17847728729248,450.53847312927246,174.58097219467163,710.7416725158691,390.38848400115967,451.93485260009766,393.2452619075775
60,642.626895904541,175.43150067329407,463.07061195373535,173.30027103424072,690.593318939209,397.0426744222641,435.3406047821045,392.7243232727051
64,653.0707740783691,177.75678277015686,475.2084445953369,171.97557091712952,670.3146171569824,403.6329746246338,419.7517204284668,392.1201664209366
68,664.3477821350098,178.23031067848206,486.89186096191406,168.48973989486694,652.0440673828125,413.63716900348663,404.5378589630127,394.50188755989075
72,675.8690071105957,178.051997423172,498.1597137451172,164.00796175003052,634.9346351623535,425.3620460629463,389.87568855285645,398.1179451942444
76,688.1106376647949,177.05608248710632,509.1987991333008,158.2028353214264,619.0636825561523,439.532011449337,375.34435272216797,403.3628976345062
80,701.19873046875,175.05746126174927,519.8038101196289,150.90155124664307,605.1485824584961,456.4883789420128,360.9822177886963,410.5355644226074
84,714.9825668334961,172.87489414215088,530.3964614868164,142.83326268196106,591.8360710144043,475.19819900393486,346.508846282959,418.4916105866432
88,729.5845413208008,171.25060200691223,541.6520118713379,134.45971727371216,577.4051284790039,495.1081694662571,331.41374588012695,426.3312381505966
92,745.1971435546875,170.1355004310608,553.5741233825684,125.655677318573,562.1016883850098,516.4603912085295,315.6299686431885,434.2199742794037
96,761.8744468688965,170.2712631225586,566.6781234741211,116.87870621681213,544.6213531494141,538.6241250950843,298.8680648803711,441.2971356511116
100,779.6146202087402,172.32913970947266,581.3492202758789,108.49601984024048,524.0261650085449,561.030577942729,281.0197448730469,446.8520039319992
104,798.5745048522949,176.64219617843628,597.7193069458008,100.66462397575378,500.3086280822754,583.4866520762444,262.00987815856934,450.6769198179245
108,818.2701873779297,184.62480425834656,616.3192176818848,94.36694741249084,471.87068939208984,604.288567006588,242.01802253723145,451.1951869726181
112,838.8360214233398,196.65760159492493,637.2146987915039,89.82868194580078,439.081335067749,623.2171708345413,221.01011753082275,448.33749175071716
116,859.0289497375488,214.59102272987366,660.688362121582,88.60414624214172,400.6889533996582,637.5032570958138,199.75666522979736,440.11559307575226
120,878.3918952941895,239.0814471244812,686.6485404968262,91.347177028656,357.2373676300049,646.3147723674774,178.57367992401123,426.2798684835434
124,894.6452522277832,271.69532775878906,714.6330642700195,99.95281934738159,308.87486457824707,646.3577091693878,159.00436878204346,405.2039337158203
128,906.2376594543457,312.60996401309967,743.8215637207031,115.29538750648499,257.1655082702637,636.4912167191505,142.09010124206543,377.01666355133057
132,909.7786903381348,361.65977239608765,772.3922538757324,138.8595163822174,204.53364372253418,614.0567457675934,130.20750045776367,341.49944722652435
136,903.1979942321777,416.75670951604843,798.3294868469238,170.4927384853363,154.3417739868164,579.3382577598095,124.8457145690918,300.41530072689056
140,883.9987564086914,474.23576205968857,818.7655448913574,209.36412692070007,110.90928554534912,533.0073679424822,127.96481609344482,256.2042510509491
144,852.3549842834473,529.3527956306934,831.760082244873,252.80474424362183,77.6201319694519,478.8055582344532,139.70111846923828,212.49362111091614
148,809.8583221435547,577.105415314436,836.0068702697754,297.34092593193054,56.82188630104065,421.3144800066948,159.32659149169922,172.87853121757507
152,760.0167846679688,613.9035621285439,831.796932220459,339.3600261211395,48.54581952095032,365.51354348659515,184.72693920135498,140.07767915725708
156,706.8867301940918,638.4501519799232,820.6704139709473,376.20829939842224,50.860819816589355,315.2165240049362,213.2647705078125,115.23938298225403
160,654.0002632141113,650.322362780571,804.1671180725098,405.97811579704285,61.636011600494385,272.760089635849,242.7989101409912,98.64582180976868
164,603.7036514282227,652.2587111592293,784.6463012695312,428.94687473773956,77.4297308921814,238.3515214920044,271.4828109741211,88.74287009239197
168,557.6812362670898,645.3162986040115,763.2175254821777,444.88209307193756,96.59260511398315,211.93582892417908,298.419885635376,84.73555326461792
172,516.5925979614258,631.8280997872353,741.0913467407227,454.68627244234085,117.31301307678223,192.47444987297058,323.09643745422363,85.1850700378418
176,479.87903594970703,614.4776567816734,719.1031837463379,459.99419778585434,138.1940746307373,178.31924200057983,345.55392265319824,88.47192406654358
180,447.61064529418945,594.256696254015,697.5632858276367,461.3223338127136,158.80010604858398,168.68266582489014,365.8497905731201,93.96377921104431
184,419.0837287902832,572.5957857817411,676.7007064819336,459.74902510643005,178.69503021240234,162.43690609931946,384.2740058898926,100.80589056015015
188,393.39898109436035,550.6076954305172,656.5414810180664,456.26689553260803,197.67853260040283,158.5952854156494,401.20880126953125,108.32082867622375
192,369.55318450927734,529.1499170288444,636.9600105285645,451.7704001069069,215.6989860534668,156.31516098976135,417.07886695861816,115.96380472183228
196,346.55505180358887,508.87993544340134,617.7298164367676,447.0427170395851,232.79232501983643,154.89551067352295,432.30345726013184,123.28984022140503
200,323.59554290771484,490.2514345943928,598.5742378234863,442.70325154066086,249.05556678771973,153.79376649856567,447.24108695983887,129.95814442634583
204,300.2033042907715,473.455810546875,579.2053413391113,439.130195081234,264.65463638305664,152.65397787094116,462.1538257598877,135.77215433120728
208,275.9021759033203,458.8381549715996,559.3456077575684,436.86996191740036,279.6980953216553,151.0195791721344,477.2827434539795,140.42046546936035
212,251.1862850189209,445.64288556575775,538.7059593200684,435.42235761880875,294.62385177612305,149.10422444343567,492.68686294555664,144.26392078399658
216,226.50176525115967,433.1795936822891,517.0280456542969,434.29748743772507,309.83081817626953,147.11764097213745,508.4476089477539,147.64846086502075
220,202.2063159942627,421.0021099448204,494.1347122192383,433.16350042819977,325.6047534942627,145.1819121837616,524.6445465087891,150.8017086982727
224,178.7120532989502,408.77426236867905,469.9580383300781,431.7085576057434,342.15293884277344,143.4222114086151,541.3153839111328,153.9207422733307
228,156.4496898651123,396.3028997182846,444.5503234863281,429.6876874566078,359.5971965789795,141.9371259212494,558.4568023681641,157.14898467063904
232,135.869779586792,383.48769664764404,418.08156967163086,426.88747733831406,377.9930591583252,140.8219599723816,576.0230255126953,160.60481786727905
236,117.4390196800232,370.29151797294617,390.8390235900879,423.1037440896034,397.344274520874,140.18766045570374,593.9248466491699,164.4012486934662
240,101.52068853378296,356.8125969171524,363.19390296936035,418.2724365592003,417.590389251709,140.0700831413269,612.0550918579102,168.5744869709015
244,88.32237482070923,343.23811411857605,335.54640769958496,412.4750107526779,438.6313533782959,140.4190170764923,630.3135108947754,173.08922410011292
248,78.04289102554321,329.7000825405121,308.3385944366455,405.73535710573196,460.3678035736084,141.24402165412903,648.5718154907227,177.95791625976562
252,70.77399015426636,316.3447576761246,282.00419425964355,398.14250349998474,482.69067764282227,142.52211570739746,666.7037773132324,183.16830039024353
256,66.54780864715576,303.29834282398224,256.96489334106445,389.80071008205414,505.48988342285156,144.2308008670807,684.5737838745117,188.7101411819458
260,65.34823894500732,290.66352903842926,233.6207628250122,380.8189845085144,528.6519813537598,146.35494947433472,702.0319747924805,194.57899689674377
264,67.1145486831665,278.52361500263214,212.3406744003296,371.3107681274414,552.0544052124023,148.88699769973755,718.9107513427734,200.77422380447388
268,71.74216747283936,266.94443821907043,193.44696521759033,361.3928657770157,575.5640602111816,151.82507872581482,735.025806427002,207.29633688926697
272,79.08625602722168,255.97794771194458,177.20468044281006,351.18544578552246,599.0334892272949,155.17141342163086,750.1761817932129,214.14391994476318
276,88.96385192871094,245.6632661819458,163.80980014801025,340.80991566181183,622.3008155822754,158.92996072769165,764.1483306884766,221.3109540939331
280,100.84052324295044,235.954270362854,153.06657314300537,330.5631798505783,645.3164291381836,162.8534960746765,776.9704627990723,228.6940562725067
284,114.79775905609131,226.88549637794495,145.29582023620605,320.3436577320099,667.8128242492676,167.18888998031616,788.2194328308105,236.39297246932983
288,130.58411121368408,218.46067786216736,140.4702615737915,310.2494537830353,689.5981407165527,171.9415819644928,797.6818084716797,244.38623428344727
292,147.92937755584717,210.6706416606903,138.4823226928711,300.37070631980896,710.4812622070312,177.10822463035583,805.1686477661133,252.64274954795837
296,166.55847072601318,203.49227786064148,139.1588830947876,290.7817178964615,730.2783966064453,182.67932295799255,810.5240249633789,261.1248278617859
300,186.07895851135254,196.78589701652527,142.10537910461426,281.56005799770355,748.9475440979004,188.53253602981567,813.801155090332,269.8049819469452
304,206.23555183410645,190.44998288154602,147.04233169555664,272.703714966774,766.388111114502,194.65296149253845,814.97314453125,278.68869960308075
308,226.93496704101562,184.5189106464386,153.880033493042,264.1823208332062,782.3517608642578,201.15663170814514,813.8443565368652,287.75240421295166
312,247.96196937561035,178.90683889389038,162.3242712020874,255.97984671592712,796.7603302001953,208.03601503372192,810.4593086242676,296.98740541934967
316,269.13622856140137,173.5131847858429,172.08844184875488,248.0535328388214,809.5758819580078,215.2963900566101,804.9114990234375,306.40646517276764
320,290.31397819519043,168.22777390480042,182.90578365325928,240.33672094345093,820.7962989807129,222.96244382858276,797.3317909240723,316.0457772016525
324,311.2675094604492,162.70437598228455,194.31950569152832,232.66950845718384,830.7124328613281,231.00244045257568,788.1376647949219,326.1127996444702
328,332.0316410064697,157.0222020149231,206.31983757019043,224.9910306930542,839.1548538208008,239.59440350532532,777.2700691223145,336.59036099910736
332,352.59684562683105,151.15862488746643,218.8002347946167,217.2245228290558,846.1000442504883,248.8615107536316,764.8186111450195,347.51039028167725
336,372.95888900756836,145.07160902023315,231.65140628814697,209.2887783050537,851.5644836425781,258.9244616031647,750.9072875976562,358.9182060956955
340,393.14083099365234,138.75574707984924,244.80823516845703,201.11984252929688,855.5366134643555,269.91283893585205,735.6321716308594,370.82961201667786
344,413.18716049194336,132.24750638008118,258.246431350708,192.6788341999054,857.9669380187988,281.9529587030411,719.058666229248,383.2174748182297
348,433.15598487854004,125.62687039375305,271.97596549987793,183.9572560787201,858.7619590759277,295.1528388261795,701.2260246276855,396.0005557537079
352,453.06066513061523,118.86648058891296,285.92310905456543,174.89672183990479,857.9639053344727,309.60969865322113,682.2954368591309,409.1848576068878
356,472.9679489135742,112.12417960166931,300.14479637145996,165.54547905921936,855.4118156433105,325.3771126270294,662.2805213928223,422.58688509464264
360,492.98864364624023,105.7339346408844,314.8164653778076,156.06996417045593,850.7386207580566,342.41627991199493,641.0651779174805,435.8176803588867
364,513.1627464294434,99.90331649780273,330.0007724761963,146.58440709114075,843.7417602539062,360.6354206800461,618.6979866027832,448.5863980650902
368,533.5057067871094,94.85199809074402,345.74947357177734,137.2244417667389,834.2311477661133,379.8732966184616,595.2651214599609,460.57813346385956
372,554.0025329589844,90.80338597297668,362.0970153808594,128.14243912696838,822.0479393005371,399.8963785171509,570.8981323242188,471.468366086483
376,574.592399597168,87.76855230331421,378.9466953277588,119.35101628303528,807.3270606994629,420.53458482027054,545.8941078186035,481.1882811784744
380,595.2300453186035,86.05841875076294,396.3621139526367,111.0797917842865,789.8932456970215,441.41033560037613,520.3781318664551,489.33884650468826
384,615.8256912231445,85.97254514694214,414.3779754638672,103.57283592224121,769.6334838867188,462.06944704055786,494.52369689941406,495.54285630583763
388,636.2537956237793,87.66236901283264,432.9421806335449,96.98010563850403,746.6546630859375,482.1090929210186,468.5987091064453,499.62105989456177
392,656.3733100891113,91.25045657157898,451.9888973236084,91.4377498626709,721.1303329467773,501.13178193569183,442.87156105041504,501.4546126127243
396,676.0380363464355,96.81608319282532,471.4394187927246,87.05262780189514,693.3046531677246,518.7816278636456,417.60034561157227,501.00324109196663
400,695.1730728149414,104.23253059387207,491.17298126220703,83.73841524124146,663.6294364929199,534.9797823093832,393.0259609222412,498.5210256278515
404,713.5576057434082,113.78477811813354,511.17862701416016,81.79834127426147,632.1666526794434,549.1715626046062,369.3128299713135,493.73427227139473
408,731.0296440124512,125.50462603569031,531.3749313354492,81.31515741348267,599.2250633239746,561.1063349246979,346.6409111022949,486.7065131664276
412,747.4243927001953,139.41650390625,551.6839027404785,82.36833214759827,565.1077079772949,570.5738353729248,325.1596927642822,477.51553505659103
416,762.5657844543457,155.54519534111023,572.028694152832,85.0443184375763,530.1045799255371,577.3904027044773,304.99714851379395,466.23935401439667
420,776.2538909912109,173.91696453094482,592.3255920410156,89.44408535957336,494.4931411743164,581.3801054656506,286.2721252441406,452.9444432258606
424,788.2499885559082,194.55949187278748,612.4749183654785,95.69264531135559,458.5433292388916,582.3575212061405,269.1090202331543,437.67975836992264
428,798.259334564209,217.48767971992493,632.3447799682617,103.94043803215027,422.5352096557617,580.113795697689,253.65540504455566,420.47893434762955
432,805.9178352355957,242.67861127853394,651.7518424987793,114.35686111450195,386.7857551574707,574.4160836935043,240.0992774963379,401.37460827827454
436,810.7899856567383,270.03653168678284,670.4439926147461,127.11227774620056,351.6752815246582,565.0243100523949,228.67783069610596,380.4234606027603
440,812.3844909667969,299.34176802635193,688.084831237793,142.34158158302307,317.6795482635498,551.7338068038225,219.6769094467163,357.7460700273514
444,810.2723693847656,330.2100455760956,704.2987632751465,160.0496006011963,285.3556823730469,534.5369487628341,213.3537483215332,333.60363006591797
448,803.9697647094727,362.0867586135864,718.6021041870117,180.19864439964294,255.3559112548828,513.4300455451012,210.02676486968994,308.31216394901276
452,793.1114387512207,394.19328331947327,730.4723167419434,202.5709068775177,228.40444564819336,488.63444074988365,209.96842861175537,282.3496413230896
456,777.5747108459473,425.5750885605812,739.4333839416504,226.72729969024658,205.20461082458496,460.67958533763885,213.31634044647217,256.3522446155548
460,757.5081253051758,455.18806010484695,745.1087379455566,252.04478859901428,186.35019779205322,430.34702003002167,220.04676818847656,231.04434728622437
464,733.359375,482.0076410472393,747.2835159301758,277.76100397109985,172.23717212677002,398.6180752515793,229.9463653564453,207.16723680496216
468,705.8436012268066,505.15665650367737,745.9451293945312,303.0572658777237,162.99665451049805,366.5707737207413,242.6191520690918,185.39000630378723
472,675.8665466308594,524.0036796033382,741.2862968444824,327.14856147766113,158.4779977798462,335.2613639831543,257.5265407562256,166.23581528663635
476,644.4063949584961,538.370865304023,733.7375450134277,349.44785714149475,158.1791639328003,305.57523250579834,274.0177631378174,149.94831562042236
480,612.3811340332031,548.1355493143201,723.7148094177246,369.4345682859421,161.60151958465576,278.20442140102386,291.5233039855957,136.6937506198883
484,580.634765625,553.4589593857527,711.7192268371582,386.7681294679642,168.1166124343872,253.63293528556824,309.49235916137695,126.45438551902771
488,549.8445510864258,554.7567455470562,698.2768249511719,401.3213235139847,177.03340530395508,232.0976185798645,327.44842529296875,119.03584599494934
492,520.4924011230469,552.5655725598335,683.8648796081543,413.12718987464905,187.70370483398438,213.6283564567566,345.0289535522461,114.14674758911133
496,492.8730583190918,547.4762956984341,668.8895416259766,422.34041690826416,199.5577096939087,198.09904217720032,361.982946395874,111.44411087036133
500,467.11060523986816,540.0857261713827,653.6746788024902,429.2035862803459,212.1205186843872,185.27416706085205,378.16165924072266,110.56722164154053
504,443.1808090209961,530.9598277509212,638.4584999084473,434.01617735624313,225.01633644104004,174.84992265701294,393.5049247741699,111.161288022995
508,420.9408473968506,520.6137060374022,623.3980751037598,437.1091318130493,237.961163520813,166.48909091949463,408.023042678833,112.89272904396057
512,400.1525115966797,509.5023199170828,608.5758018493652,438.8274970650673,250.7515811920166,159.84254479408264,421.7824459075928,115.45464634895325
516,380.5086135864258,498.0220502614975,594.0099334716797,439.5190241932869,263.2497310638428,154.56572771072388,434.88999366760254,118.56762886047363
520,361.657018661499,486.5135791897774,579.6620178222656,439.52573508024216,275.3729724884033,150.3267002105713,447.4815559387207,121.97753190994263
524,343.2275390625,475.2609184384346,565.4422187805176,439.1744193434715,287.0892333984375,146.81289911270142,459.7122573852539,125.4557991027832
528,324.8672389984131,464.4802486896515,551.2126350402832,438.75988125801086,298.42040061950684,143.73960256576538,471.7482376098633,128.8056743144989
532,306.0483169555664,454.6389502286911,536.8178558349609,438.8510575890541,309.31260108947754,140.62990307807922,483.79051208496094,131.64024353027344
536,286.7516899108887,445.47077625989914,521.9769287109375,439.3622276186943,320.0658416748047,137.45132446289062,495.99992752075195,134.0438675880432
540,266.9952392578125,436.6718539595604,506.3825798034668,440.1736816763878,331.0100555419922,134.18651819229126,508.55220794677734,136.1207664012909
544,246.7591094970703,428.12871783971786,489.71323013305664,441.366191804409,342.44261741638184,130.65083026885986,521.6519165039062,137.818443775177
548,226.45108222961426,419.1857045888901,471.6763401031494,442.4085196852684,354.82272148132324,127.10625886917114,535.426082611084,139.50549960136414
552,206.52697563171387,409.47454422712326,452.16519355773926,442.9313814640045,368.419132232666,123.72097849845886,549.917163848877,141.40698194503784
556,187.53928184509277,398.78808438777924,431.25128746032715,442.6234772801399,383.37178230285645,120.63908815383911,565.0806427001953,143.68990659713745
560,170.11982917785645,387.0883047580719,409.1835880279541,441.2786042690277,399.71506118774414,117.93226718902588,580.7961845397949,146.43892407417297
564,154.92731094360352,374.3674564361572,386.4319896697998,438.59943956136703,417.3424530029297,115.8078932762146,596.8239212036133,149.81693029403687
568,142.51047134399414,360.7783770561218,363.59530448913574,434.4260483980179,436.03617668151855,114.415762424469,612.8704261779785,153.91253471374512
572,133.2505989074707,346.58982396125793,341.32741928100586,428.7497565150261,455.50354957580566,113.83215665817261,628.6181831359863,158.7402856349945
576,127.31766700744629,332.11851239204407,320.255184173584,421.67779326438904,475.41154861450195,114.08614039421082,643.7561988830566,164.2689299583435
580,124.66017723083496,317.6818174123764,300.8967876434326,413.4139555692673,495.4259490966797,115.15820860862732,658.0144500732422,170.4283332824707
584,125.03398418426514,303.55551302433014,283.60347747802734,404.2225992679596,515.2495193481445,116.98820471763611,671.1922645568848,177.1234166622162
588,128.0570125579834,289.94404792785645,268.536901473999,394.38484132289886,534.6512031555176,119.48745489120483,683.1750297546387,184.24960613250732
592,133.28269958496094,276.96968257427216,255.6869602203369,384.1573691368103,553.4812545776367,122.55795121192932,693.9324760437012,191.71082496643066
596,140.24803161621094,264.68008518218994,244.90619659423828,373.7731808423996,571.6732406616211,126.07413411140442,703.5138130187988,199.41479444503784
600,148.63102912902832,253.07472467422485,236.05998516082764,363.3346617221832,589.1817283630371,130.02042531967163,711.9385528564453,207.33428478240967
604,158.15564632415771,242.1337902545929,228.98684978485107,352.93201446533203,605.9921836853027,134.363511800766,719.2452049255371,215.437753200531
608,168.6031436920166,231.82689785957336,223.52781772613525,342.6280349493027,622.104320526123,139.08076643943787,725.4719352722168,223.70212197303772
612,179.80703830718994,222.12047696113586,219.53989505767822,332.4628919363022,637.521800994873,144.16008710861206,730.6491279602051,232.10981726646423
616,191.6404151916504,212.98378944396973,216.89801216125488,322.4641692638397,652.2459983825684,149.59632396697998,734.7970962524414,240.64551830291748
620,204.0067434310913,204.3897020816803,215.4948091506958,312.6517903804779,666.2746238708496,155.38706302642822,737.9280281066895,249.29335713386536
624,216.8309211730957,196.31436467170715,215.23667335510254,303.04147839546204,679.6009254455566,161.53050184249878,740.0473022460938,258.03656458854675
628,230.05163669586182,188.73592257499695,216.04119300842285,293.64665508270264,692.2134590148926,168.0227780342102,741.1564636230469,266.85598969459534
632,243.5925579071045,181.61076307296753,217.80020713806152,284.4814342260361,704.1271018981934,174.83753085136414,741.2891006469727,275.73632776737213
636,257.40912437438965,174.90657091140747,220.44041633605957,275.5484390258789,715.3341865539551,181.96767926216125,740.4509353637695,284.6655732393265
640,271.4821529388428,168.60825061798096,223.92070770263672,266.8463981151581,725.800724029541,189.42213892936707,738.6210250854492,293.6285501718521
644,285.7745933532715,162.67775774002075,228.17394733428955,258.3712077140808,735.5171012878418,197.19302415847778,735.8089828491211,302.6171636581421
648,300.25649070739746,157.07337856292725,233.13759326934814,250.11111974716187,744.4755935668945,205.2791440486908,732.0261383056641,311.6303676366806
652,314.9062442779541,151.75639271736145,238.7572431564331,242.0483672618866,752.6636695861816,213.68848085403442,727.2809028625488,320.6703186035156
656,329.712495803833,146.69583678245544,244.9907684326172,234.1620934009552,760.0602722167969,222.4389624595642,721.5751075744629,329.73901212215424
660,344.67175483703613,141.8727207183838,251.80798530578613,226.43256783485413,766.6307258605957,231.5560805797577,714.902286529541,338.83358359336853
664,359.7864246368408,137.28321433067322,259.1909694671631,218.84521007537842,772.324104309082,241.0685133934021,707.248649597168,347.9406273365021
668,375.06168365478516,132.93967723846436,267.13159561157227,211.3933253288269,777.0723724365234,251.0038447380066,698.594856262207,357.03252732753754
672,390.50156593322754,128.87136697769165,275.6286907196045,204.08135533332825,780.7906723022461,261.38264179229736,688.9208221435547,366.0637557506561
676,406.06810569763184,125.01313805580139,284.6084690093994,196.87543988227844,783.4881591796875,272.20876693725586,678.2937812805176,375.05273938179016
680,421.7845630645752,121.49856448173523,294.13238525390625,189.83296751976013,784.9756622314453,283.48891496658325,666.6413497924805,383.86366724967957
684,437.64063835144043,118.43157649040222,304.220495223999,183.01274299621582,785.1039505004883,295.19070625305176,653.9483642578125,392.3637217283249
688,453.59776496887207,115.88890671730042,314.85912322998047,176.47093176841736,783.760871887207,307.2499769926071,640.2511024475098,400.42766511440277
692,469.59975242614746,113.94667625427246,326.021089553833,170.27145624160767,780.8478927612305,319.57293570041656,625.6162261962891,407.92096585035324
696,485.56983947753906,112.6752769947052,337.6615047454834,164.48354959487915,776.2906265258789,332.03508496284485,610.1468467712402,414.70655769109726
700,501.4134407043457,112.0945680141449,349.7042942047119,159.1496980190277,770.0752258300781,344.5042026042938,593.994083404541,420.69242745637894
704,517.0232391357422,112.21201658248901,362.0639991760254,154.30659413337708,762.2117614746094,356.8366402387619,577.3322296142578,425.8012470602989
708,532.2774124145508,113.15875053405762,374.68666076660156,150.08185744285583,752.6583480834961,368.8001078367233,560.3228759765625,429.833419919014
712,547.0427513122559,114.93090748786926,387.4585819244385,146.51710510253906,741.5155792236328,380.20707070827484,543.1939888000488,432.73125171661377
716,561.1885070800781,117.4962043762207,400.25768280029297,143.63248586654663,728.9362907409668,390.88714957237244,526.1821174621582,434.48037922382355
720,574.5948600769043,120.79599738121033,412.96048164367676,141.4245879650116,715.1176643371582,400.70026874542236,509.51751708984375,435.1108968257904
724,587.1613311767578,124.74859714508057,425.44979095458984,139.86544132232666,700.2891540527344,409.5487904548645,493.4099006652832,434.6956989169121
728,598.8103866577148,129.2538070678711,437.61815071105957,138.90354752540588,684.7021865844727,417.38289803266525,478.0408000946045,433.34536224603653
732,609.4945907592773,134.1985559463501,449.37543869018555,138.4650707244873,668.6137962341309,424.2074114084244,463.551721572876,431.20141088962555
736,619.200553894043,139.4633674621582,460.6524467468262,138.45650911331177,652.2740936279297,430.0826722383499,450.03902435302734,428.42876851558685
740,627.9510498046875,144.9277675151825,471.4035701751709,138.76772046089172,635.9154510498047,435.1217034459114,437.55114555358887,425.2065208554268
744,635.8098793029785,150.47942519187927,481.61230087280273,139.27687883377075,619.7389984130859,439.4863709807396,426.084623336792,421.7186540365219
748,642.8837013244629,156.0223925113678,491.29417419433594,139.8572337627411,603.9056396484375,443.37678641080856,415.58369636535645,418.1425076723099
752,649.3204879760742,161.48730754852295,500.4975700378418,140.38705587387085,588.5275268554688,447.01596200466156,405.9416198730469,414.63577151298523
756,655.422191619873,166.6513752937317,509.3020248413086,140.5401349067688,573.7712287902832,450.93233585357666,396.9715118408203,411.5801453590393
760,661.3452529907227,171.7309856414795,517.8562545776367,140.4539716243744,559.5110893249512,455.0676342844963,388.46606254577637,408.7981930375099
764,667.4169158935547,176.65967345237732,526.299877166748,139.94651913642883,545.7725715637207,459.7926941514015,380.172815322876,406.48547172546387
768,673.6746025085449,181.7656445503235,534.7939682006836,139.2867922782898,532.2505760192871,464.83801782131195,371.9322395324707,404.29540514945984
772,680.2439117431641,187.18266606330872,543.4683036804199,138.54054808616638,518.7847137451172,470.1990669965744,363.585262298584,402.1331477165222
776,687.0491409301758,193.23379397392273,552.4520301818848,137.9888391494751,505.0320625305176,475.54691165685654,355.0627326965332,399.645516872406
780,693.9935302734375,200.18826842308044,561.8400192260742,137.86768913269043,490.7185363769531,480.5974455177784,346.3373565673828,396.54777467250824
784,701.008186340332,208.24033498764038,571.7010498046875,138.34237575531006,475.66246032714844,485.16022101044655,337.39253997802734,392.6544463634491
788,707.9491996765137,217.6118552684784,582.0772361755371,139.6259093284607,459.68650817871094,488.96374493837357,328.26390266418457,387.7386009693146
792,714.5914649963379,228.5285210609436,592.9660034179688,141.9685399532318,442.65406608581543,491.66336819529533,319.05160903930664,381.5529817342758
796,720.6987190246582,241.15300297737122,604.3225479125977,145.58701157569885,424.5205879211426,492.9494485259056,309.88494873046875,373.91478538513184
800,725.9798812866211,255.6022346019745,616.047534942627,150.69777846336365,405.31920433044434,492.49081894755363,300.946569442749,364.66885685920715
804,730.0915718078613,271.9219207763672,627.9769706726074,157.50104069709778,385.17974853515625,489.95092928409576,292.4751949310303,353.70684027671814
808,732.6503562927246,290.0621563196182,639.8784828186035,166.16069197654724,364.34020042419434,485.0131890177727,284.76036071777344,340.98781049251556
812,733.2562065124512,309.8478466272354,651.4508056640625,176.77528738975525,343.15821647644043,477.4181990325451,278.1305694580078,326.56464993953705
816,731.5828514099121,330.9485650062561,662.3590850830078,189.31386351585388,322.09885597229004,467.0690578222275,272.8942680358887,310.6352734565735
820,727.2854804992676,352.91880190372467,672.2073554992676,203.6877465248108,301.7149829864502,453.90829235315323,269.39406394958496,293.4653002023697
824,720.1605033874512,375.17174899578094,680.6118392944336,219.65466856956482,282.60884284973145,438.0875292420387,267.89734840393066,275.46097218990326
828,710.1699829101562,397.0414674282074,687.2458076477051,236.84226393699646,265.3589630126953,419.95352178812027,268.56422424316406,257.1231436729431
832,697.4509620666504,417.84900695085526,691.8752288818359,254.78122115135193,250.45512199401855,400.0178664922714,271.4259624481201,238.9963138103485
836,682.3025894165039,436.97802007198334,694.3876075744629,272.95597672462463,238.24045658111572,378.9031147956848,276.37956619262695,221.6079068183899
840,665.1723861694336,454.02754336595535,694.8528099060059,290.89018642902374,228.80681991577148,357.284032702446,283.16004753112793,205.37087559700012
844,646.4772033691406,468.6393892765045,693.3415031433105,308.1604850292206,222.19486713409424,335.7332342863083,291.522274017334,190.6213116645813
848,626.6765785217285,480.6424503028393,690.0311851501465,324.42622661590576,218.27208995819092,314.76953387260437,301.1520481109619,177.56945729255676
852,606.1862182617188,490.0361993908882,685.1482200622559,339.4649541378021,216.79192543029785,294.78716790676117,311.73328399658203,166.29011392593384
856,585.3388595581055,496.94685995578766,678.9226341247559,353.1687945127487,217.4536657333374,276.0402649641037,322.9875183105469,156.74510836601257
860,564.3580627441406,501.5988524258137,671.5586471557617,365.54167449474335,219.9436855316162,258.63964319229126,334.6985721588135,148.80125284194946
864,543.3403015136719,504.31083530187607,663.2173347473145,376.70596718788147,223.9559268951416,242.55398511886597,346.72287940979004,142.23366022109985
868,522.2891807556152,505.43494910001755,654.0035247802734,386.8571573495865,229.2271900177002,227.65365958213806,358.9838218688965,136.7725431919098
872,501.2207221984863,505.1966764032841,643.9659690856934,396.12806260585785,235.59019088745117,213.8217329978943,371.4451789855957,132.2267460823059
876,480.08737564086914,503.8840301334858,633.1263542175293,404.7278952598572,242.8883171081543,200.86498975753784,384.10755157470703,128.3515226840973
880,458.85077476501465,501.7411369085312,621.4803314208984,412.85359650850296,251.00921630859375,188.58107328414917,396.9906520843506,124.92549419403076
884,437.5129222869873,498.940492272377,609.0116500854492,420.65869599580765,259.88184928894043,176.78693890571594,410.1185989379883,121.7760443687439
888,416.1332702636719,495.55788338184357,595.7057189941406,428.22419911623,269.4730567932129,165.34257531166077,423.5105323791504,118.80091667175293
892,394.8174476623535,491.5622542798519,581.5510940551758,435.54514914751053,279.7884750366211,154.1638469696045,437.1838188171387,115.97957611083984
896,373.6912536621094,486.82662919163704,566.5339279174805,442.53595411777496,290.87242126464844,143.22313785552979,451.16177558898926,113.36796283721924
900,352.88875579833984,481.1615261435509,550.6410026550293,449.04679387807846,302.79759407043457,132.54581093788147,465.47229766845703,111.07998490333557
904,332.5516891479492,474.35567289590836,533.8685417175293,454.88581269979477,315.6482791900635,122.2028374671936,480.13938903808594,109.26505208015442
908,312.83952713012695,466.21291279792786,516.236400604248,459.8383989930153,329.5011234283447,112.30429530143738,495.1703453063965,108.08844208717346
912,293.9391803741455,456.5792655944824,497.8040885925293,463.68297278881073,344.4081401824951,102.99035668373108,510.5441665649414,107.71488547325134
916,276.06863021850586,445.3637158870697,478.6830711364746,466.2058559060097,360.38246154785156,94.4249153137207,526.2019729614258,108.29826593399048
920,259.4686031341553,432.54922091960907,459.0394592285156,467.21625477075577,377.3912715911865,86.78383827209473,542.0460319519043,109.97103095054626
924,244.3710422515869,418.2370635867119,439.0953540802002,466.60541117191315,395.33658027648926,80.1990258693695,557.9455375671387,112.79700636863708
928,230.94905376434326,402.6565808057785,419.10670280456543,464.3940854072571,414.0574550628662,74.70494985580444,573.7596130371094,116.74188137054443
932,219.46972846984863,385.843990445137,399.3321990966797,460.36409318447113,433.4676933288574,70.59605240821838,589.3072128295898,121.98152303695679
936,210.10741710662842,368.0556660890579,380.0698184967041,454.5277217030525,453.3738327026367,67.98134922981262,604.3963623046875,128.5028314590454
940,202.98481464385986,349.592165350914,361.61736488342285,446.962548494339,473.5573196411133,66.93010568618774,618.8327980041504,136.2494158744812
944,198.0171775817871,330.83826184272766,344.17911529541016,437.97782957553864,493.8039779663086,67.25119829177856,632.5220489501953,144.99909281730652
948,195.3065013885498,312.021079659462,328.0249786376953,427.59973257780075,513.9089584350586,69.10169720649719,645.252513885498,154.75031733512878
952,194.81462001800537,293.43995332717896,313.3594036102295,416.02567344903946,533.6576843261719,72.45334267616272,656.8752479553223,165.37032008171082
956,196.42609119415283,275.3756779432297,300.322265625,403.50561261177063,552.8586387634277,77.20484375953674,667.2869682312012,176.68799757957458
960,199.90875720977783,258.0398154258728,288.9309024810791,390.34783244132996,571.4016151428223,83.13121676445007,676.4875602722168,188.49941611289978
964,205.0697135925293,241.58529996871948,279.19581413269043,376.78675532341003,589.1867065429688,90.0832450389862,684.459285736084,200.65152883529663
968,211.7953634262085,226.16448640823364,271.1719036102295,362.9866451025009,606.0726928710938,98.01869988441467,691.1211204528809,213.0261468887329
972,219.87969875335693,211.85999751091003,264.8031520843506,349.1517573595047,622.0025825500488,106.77977085113525,696.492977142334,225.48216462135315
976,229.12347793579102,198.70482444763184,260.0025272369385,335.45190811157227,636.9524574279785,116.21662974357605,700.6150245666504,237.90251970291138
980,239.3412208557129,186.6908884048462,256.66348457336426,322.0215564966202,650.9243774414062,126.19225859642029,703.5411643981934,250.19461154937744
984,250.2993679046631,175.68355321884155,254.5755386352539,308.96456837654114,664.0434265136719,136.51044845581055,705.4254913330078,262.31531023979187
988,261.93211555480957,165.70196986198425,253.71634483337402,296.3294005393982,676.2436294555664,147.16498732566833,706.2325859069824,274.210284948349
992,274.1263961791992,156.67545676231384,253.9794158935547,284.1558998823166,687.5559425354004,158.08545112609863,706.0119438171387,285.85230588912964
996,286.7863082885742,148.51337671279907,255.25766372680664,272.46006309986115,698.0241394042969,169.2147409915924,704.8157501220703,297.23417937755585
1000,299.8403835296631,141.120103597641,257.45673179626465,261.235967874527,707.6890754699707,180.51841735839844,702.6851463317871,308.3646762371063
1004,313.23646545410156,134.40406680107117,260.4979419708252,250.46494603157043,716.5803909301758,191.98086977005005,699.6481132507324,319.2610001564026
1008,326.9425392150879,128.28093767166138,264.3197250366211,240.1169192790985,724.7138214111328,203.6060893535614,695.7167816162109,329.9466472864151
1012,340.94183921813965,122.67903685569763,268.8783073425293,230.1571261882782,732.0857620239258,215.41271209716797,690.8877182006836,340.44429302215576
1016,355.2285575866699,117.54355072975159,274.14602279663086,220.55144906044006,738.6700630187988,227.43009209632874,685.1428985595703,350.77075481414795
1020,369.80472564697266,112.83788323402405,280.1095676422119,211.26960039138794,744.4172286987305,239.69382762908936,678.4522247314453,360.9324377775192
1024,384.6763229370117,108.54413866996765,286.76713943481445,202.28795528411865,749.2543601989746,252.24109411239624,670.7768440246582,370.92201948165894
1028,399.84764099121094,104.662606716156,294.12363052368164,193.59283447265625,753.0868721008301,265.10369181632996,662.0755004882812,380.71471631526947
1032,415.3172779083252,101.21015310287476,302.1870803833008,185.181405544281,755.8011245727539,278.3029443025589,652.3101997375488,390.26664197444916
1036,431.07295989990234,98.216872215271,310.9632682800293,177.0624876022339,757.2686576843262,291.84355080127716,641.4541625976562,399.5143085718155
1040,447.08847999572754,95.72264313697815,320.4517650604248,169.25494194030762,757.3525428771973,305.709530711174,629.4987487792969,408.37623596191406
1044,463.3176040649414,93.77230167388916,330.6386375427246,161.78712487220764,755.9173965454102,319.85899329185486,616.464729309082,416.75606578588486
1048,479.69332695007324,92.4068534374237,341.4905834197998,154.69006419181824,752.8467178344727,334.2246204614639,602.4117851257324,424.5520967245102
1052,496.13170623779297,91.6595470905304,352.95427322387695,147.99298524856567,748.055477142334,348.718301653862,587.4404525756836,431.66663467884064
1056,512.5321197509766,91.55455470085144,364.9556350708008,141.72176599502563,741.5007591247559,363.2322281599045,571.6937828063965,438.0109655857086
1060,528.7876510620117,92.10648894309998,377.4072074890137,135.89491367340088,733.1857681274414,377.64879047870636,555.3460693359375,443.5131365060806
1064,544.7896385192871,93.32181930541992,390.2116012573242,130.52366137504578,723.164234161377,391.84579253196716,538.5955238342285,448.1213593482971
1068,560.4316520690918,95.2005136013031,403.26541900634766,125.61241865158081,711.5413284301758,405.7009980082512,521.6540336608887,451.80551558732986
1072,575.6218528747559,97.74012565612793,416.47021293640137,121.15951180458069,698.4637641906738,419.10335540771484,504.7271919250488,454.55823451280594
1076,590.2863121032715,100.94030141830444,429.73766326904297,117.16017723083496,684.1106986999512,431.9550660252571,488.0024528503418,456.38992846012115
1080,604.3730735778809,104.80773568153381,442.9959011077881,113.61145377159119,668.6775398254395,444.1735151410103,471.6361141204834,457.3224198818207
1084,617.8585052490234,109.36360716819763,456.1995506286621,110.51591634750366,652.3527145385742,455.69501370191574,455.73829650878906,457.3812809586525
1088,630.7451248168945,114.64908242225647,469.3325614929199,107.88801670074463,635.298957824707,466.4693668484688,440.3696823120117,456.5852040052414
1092,643.0585098266602,120.73217153549194,482.4121856689453,105.75926542282104,617.6334571838379,476.454808562994,425.53988456726074,454.935919046402
1096,654.8380279541016,127.71609663963318,495.48877716064453,104.18656826019287,599.4106292724609,485.6064909696579,411.21253967285156,452.4060273170471
1100,666.1184120178223,135.74508547782898,508.63901138305664,103.26284766197205,580.6181716918945,493.85600566864014,397.3227882385254,448.92639219760895
1104,676.9099044799805,145.00433921813965,521.9535255432129,103.12241792678833,561.1839294433594,501.09554797410965,383.79638671875,444.3818825483322
1108,687.1840667724609,155.71356296539307,535.524730682373,103.94188642501831,540.992488861084,507.170467749238,370.5677604675293,438.61565351486206
1112,696.8563270568848,168.1142520904541,549.4290161132812,105.93870520591736,519.9116134643555,511.87151849269867,357.6006031036377,431.43679082393646
1116,705.7724761962891,182.45826601982117,563.7119293212891,109.37043070793152,497.8135299682617,514.9302365630865,344.90309715270996,422.6278504729271
1120,713.7315559387207,198.85474920272827,578.3226013183594,114.41083788871765,474.73231315612793,516.134687885642,332.56982803344727,412.09323048591614
1124,720.381031036377,217.61845350265503,593.2298469543457,121.47136688232422,450.5299472808838,515.0080896914005,320.71678161621094,399.4919389486313
1128,725.262622833252,238.8890039920807,608.2554817199707,130.8962845802307,425.27652740478516,511.0839930921793,309.5966148376465,384.6026533842087
1132,727.8152275085449,262.6373040676117,623.0773544311523,142.97887444496155,399.23309326171875,503.8914692401886,299.5857238769531,367.3022925853729
1136,727.408447265625,288.6157751083374,637.2236251831055,157.9175341129303,372.8756332397461,493.002290725708,291.17225646972656,347.60530829429626
1140,723.4988594055176,316.2696987390518,650.1174545288086,175.66842555999756,346.92420959472656,478.2338896393776,284.87279891967773,325.7910794019699
1144,715.5566024780273,344.82634127140045,661.076831817627,196.072096824646,322.24854469299316,459.482102394104,281.2504577636719,302.2654616832733
1148,703.2839012145996,373.2083719968796,669.3978881835938,218.66763710975647,299.873743057251,436.9772556424141,280.79578399658203,277.7124345302582
1152,686.8169403076172,400.173037648201,674.5416641235352,242.65746474266052,280.7877731323242,411.42447531223297,283.74263763427734,253.06880235671997
1156,666.7011451721191,424.556200504303,676.2438011169434,267.0718324184418,265.72617530822754,383.8560229539871,290.0130844116211,229.32729363441467
1160,643.7792587280273,445.64137279987335,674.6361923217773,291.0324990749359,254.9146842956543,355.4121458530426,299.18023109436035,207.25513815879822
1164,618.9823722839355,462.8059387207031,669.9446868896484,313.695148229599,248.42262268066406,327.1756464242935,310.7505226135254,187.53221154212952
1168,593.2481002807617,475.9566619992256,662.6645851135254,334.5041924715042,245.87608337402344,300.0416314601898,324.0703296661377,170.478093624115
1172,567.3151588439941,485.3246860206127,653.3341598510742,353.19792330265045,246.71027183532715,274.5821678638458,338.538179397583,156.1179220676422
1176,541.666145324707,491.33444622159004,642.4330902099609,369.76356267929077,250.3121566772461,251.05315446853638,353.68409156799316,144.26050901412964
1180,516.5363502502441,494.4843064248562,630.3244400024414,384.3650847673416,256.12295150756836,229.4539475440979,369.19827461242676,134.58592057228088
1184,491.97383880615234,495.2571688592434,617.2419548034668,397.26194500923157,263.69153022766113,209.61366891860962,384.91684913635254,126.72542810440063
1188,467.91810035705566,494.06562834978104,603.3072853088379,408.7384468317032,272.6883888244629,191.2751805782318,400.7853698730469,120.32044172286987
1192,444.2849636077881,491.22267454862595,588.5662078857422,419.0436977148056,282.8953170776367,174.17072296142578,416.81230545043945,115.06802201271057
1196,421.02747917175293,486.9265280663967,573.0246162414551,428.34896206855774,294.1875457763672,158.07318806648254,433.03213119506836,110.75042724609375
1200,398.12573432922363,481.3749669492245,556.6879463195801,436.82832062244415,306.45569801330566,142.7350616455078,449.4810962677002,107.14267373085022
1204,375.69857597351074,474.4445639848709,539.5353698730469,444.3703517317772,319.769983291626,128.1398320198059,466.19916915893555,104.31409120559692
1208,353.8575553894043,465.9053385257721,521.5126419067383,450.7792407274246,334.2820930480957,114.34028506278992,483.25504302978516,102.43204951286316
1212,332.7228355407715,455.5542942881584,502.58182525634766,455.86021900177,350.1358222961426,101.40539646148682,500.70573806762695,101.65947675704956
1216,312.47694969177246,443.19939851760864,482.7524757385254,459.3781077861786,367.457914352417,89.47240948677063,518.5645866394043,102.19142317771912
1220,293.37246894836426,428.6965602636337,462.105073928833,461.0776761174202,386.3291072845459,78.738112449646,536.7843246459961,104.23401117324829
1224,275.72911262512207,412.00775921344757,440.81637382507324,460.73170334100723,406.7457389831543,69.41432476043701,555.2434158325195,107.95570492744446
1228,259.91040229797363,393.116757273674,419.1243553161621,458.0800500512123,428.67384910583496,61.80134654045105,573.7648773193359,113.56825947761536
1232,246.3131046295166,372.1435135602951,397.3674488067627,452.927223443985,451.972074508667,56.19989633560181,592.0922470092773,121.22266173362732
1236,235.32822132110596,349.33884143829346,375.9628200531006,445.1649159193039,476.400089263916,52.884042263031006,609.9081230163574,130.99741458892822
1240,227.3030662536621,325.0636965036392,355.3754997253418,434.7826024889946,501.6360282897949,52.08588123321533,626.8556785583496,142.8967022895813
1244,222.50766277313232,299.77515935897827,336.08920097351074,421.882748901844,527.2873306274414,53.97133469581604,642.5593757629395,156.8391251564026
1248,221.10498905181885,273.99387896060944,318.56666564941406,406.68118983507156,552.9168891906738,58.621190786361694,656.653003692627,172.6574742794037
1252,223.13560009002686,248.26367855072021,303.2123851776123,389.4936668872833,578.0729484558105,66.02331519126892,668.8065147399902,190.10858058929443
1256,228.51077556610107,223.1085705757141,290.34135818481445,370.71726500988007,602.3221206665039,76.06051683425903,678.7521743774414,208.88583540916443
1260,237.01980113983154,198.9623486995697,280.1455879211426,350.7886826992035,625.3039169311523,88.51366996765137,686.3124847412109,228.6597776412964
1264,248.4162139892578,176.22029542922974,272.7440643310547,330.1154011487961,646.6615104675293,103.21443915367126,691.3350677490234,249.1020405292511
1268,262.3821544647217,155.18094062805176,268.1516361236572,309.109890460968,666.1148071289062,119.9013090133667,693.7540626525879,269.87395763397217
1272,278.580265045166,136.04647994041443,266.3034152984619,288.13661456108093,683.448371887207,138.30458879470825,693.5618591308594,290.6638026237488
1276,296.6461944580078,118.80477905273438,267.0249366760254,267.47191071510315,698.5925674438477,158.12243342399597,690.8391380310059,311.257261633873
1280,316.3195037841797,103.58400464057922,270.203161239624,247.3471999168396,711.3576507568359,179.1948437690735,685.6044960021973,331.3960540294647
1284,337.3326873779297,90.40465950965881,275.6734371185303,227.94955015182495,721.6353607177734,201.31698489189148,677.936897277832,350.8648842573166
1288,359.4071388244629,79.05588984489441,283.1879138946533,209.35302257537842,729.4476699829102,224.28369998931885,667.9840850830078,369.57794308662415
1292,382.41700172424316,69.6793806552887,292.66565322875977,191.6820502281189,734.6062088012695,247.99537181854248,655.7855987548828,387.29764580726624
1296,406.16068840026855,62.16370224952698,303.9151096343994,174.98526692390442,737.0708084106445,272.2781127691269,641.4866065979004,403.9014422893524
1300,430.52221298217773,56.51010990142822,316.8211269378662,159.30567383766174,736.7415618896484,297.00589656829834,625.1937103271484,419.2373639345169
1304,455.40212631225586,52.82723307609558,331.3132095336914,144.73142981529236,733.4769058227539,322.0142984390259,607.0124816894531,433.09377640485764
1308,480.64001083374023,51.05114936828613,347.23591804504395,131.2810742855072,727.2376441955566,347.10356891155243,587.1402740478516,445.3473973274231
1312,506.2174987792969,51.49892807006836,364.6457290649414,119.11731004714966,717.8061676025391,372.0751655101776,565.630989074707,455.7055950164795
1316,531.8915748596191,54.10712957382202,383.34325790405273,108.2856810092926,705.2097129821777,396.6102808713913,542.7914428710938,464.03635650873184
1320,557.633228302002,59.29691433906555,403.4392833709717,99.02488231658936,689.2181396484375,420.421746969223,518.6726760864258,470.0036546587944
1324,583.1632232666016,67.18119263648987,424.7871780395508,91.50096416473389,669.8527336120605,443.07012140750885,493.5962677001953,473.3923789858818
1328,608.2554817199707,78.0464243888855,447.3500347137451,85.96475601196289,647.0613670349121,464.1063541173935,467.79613494873047,473.923536837101
1332,632.6024436950684,92.25950360298157,471.08588218688965,82.76931166648865,620.8000373840332,482.9765957593918,441.529483795166,471.25925838947296
1336,655.6658935546875,109.79815721511841,495.6492805480957,82.09957480430603,591.4263725280762,499.06914979219437,415.3696346282959,465.2949696779251
1340,677.0332717895508,131.16426944732666,521.0201454162598,84.46724653244019,558.9051246643066,511.72938488423824,389.55488204956055,455.62520921230316
1344,695.9955596923828,156.41091585159302,546.8030548095703,90.21788120269775,523.6887359619141,520.2315797656775,364.6945095062256,442.1019995212555
1348,711.7755317687988,185.5947768688202,572.5757789611816,99.7514283657074,486.2801170349121,523.8456488773227,341.3931369781494,424.58047717809677
1352,723.4513664245605,218.91270518302917,597.9098510742188,113.69031071662903,447.0786666870117,521.6968987137079,320.2280330657959,402.7477651834488
1356,729.8677253723145,255.9627878665924,621.9498825073242,132.38709926605225,407.0968437194824,512.9981609433889,302.12413787841797,376.6711413860321
1360,729.7858428955078,296.12957060337067,643.6875343322754,156.15474343299866,367.5003433227539,497.01926350593567,288.06169509887695,346.5081989765167
1364,721.9085311889648,338.3503997325897,661.8453025817871,185.1180624961853,329.769229888916,473.15976306796074,279.15764808654785,312.6514846086502
1368,705.2557754516602,380.6709587574005,674.8642158508301,218.69486689567566,296.0006618499756,441.4815643429756,276.586217880249,276.2054944038391
1372,679.6134567260742,420.5095598101616,681.2935638427734,255.5260169506073,268.48883628845215,402.99030661582947,281.1740970611572,238.9207398891449
1376,645.7238388061523,455.1777443289757,680.1589965820312,293.7076485157013,249.14920806884766,359.5030349493027,293.1343173980713,202.8442668914795
1380,605.4725074768066,482.2702507674694,671.2797546386719,330.87653160095215,239.18116092681885,313.67226362228394,311.8442630767822,170.15712976455688
1384,561.4413642883301,500.3704261779785,655.3758430480957,364.8571640253067,238.65739345550537,268.3180618286133,335.93138694763184,142.54725337028503
1388,516.0952949523926,509.2454172670841,633.6910057067871,394.2221063375473,246.68286323547363,225.60495615005493,363.78602027893066,120.80552458763123
1392,471.199893951416,509.470437169075,607.4479293823242,418.39216232299805,261.97251319885254,186.65796160697937,394.09584045410156,104.89853382110596
1396,427.83594131469727,501.8704019486904,577.5635719299316,437.3073121905327,283.3590316772461,151.75642490386963,426.03724479675293,94.36765551567078
1400,387.0128631591797,487.0274528861046,544.8684883117676,450.738066136837,310.02528190612793,121.18403792381287,458.9967441558838,89.07947659492493
1404,349.55334663391113,465.3134608268738,510.0443458557129,458.3724242448807,341.50245666503906,95.26952147483826,492.53482818603516,89.13931131362915
1408,316.4413261413574,436.9650650024414,473.8629913330078,459.6835336089134,377.4463176727295,74.7423505783081,526.0703086853027,94.95460867881775
1412,289.05003547668457,402.88586139678955,437.6893615722656,454.35745507478714,416.83502197265625,60.48614144325256,558.4669303894043,106.61549091339111
1416,268.9390182495117,364.42774772644043,403.3366012573242,442.19766587018967,458.12679290771484,53.82652759552002,588.0899620056152,124.16866064071655
1420,257.07727432250977,324.2964506149292,372.9337692260742,424.25093561410904,498.7312316894531,54.94230508804321,613.1925201416016,146.31803154945374
1424,253.19515228271484,285.457763671875,348.0140018463135,402.46069371700287,536.1498641967773,62.786768674850464,632.7163696289062,171.0418403148651
1428,256.08561515808105,250.59346675872803,329.3807029724121,379.12486374378204,568.304615020752,75.6877326965332,646.263256072998,196.11068844795227
1432,263.7058353424072,221.011780500412,316.54186248779297,356.2285405397415,594.605827331543,91.42819046974182,654.6098327636719,219.78009939193726
1436,274.23065185546875,196.73388361930847,308.40954780578613,334.85261142253876,615.5473136901855,108.35452795028687,658.9214515686035,241.2501096725464
1440,286.01346015930176,178.18341493606567,304.21560287475586,316.1983895301819,631.109676361084,124.932382106781,660.0464630126953,259.49477434158325
1444,297.9210376739502,164.53469395637512,302.80932426452637,300.43453216552734,642.3181915283203,140.33343315124512,659.0592384338379,274.5383620262146
1448,309.3287944793701,154.84938740730286,303.2899761199951,287.36671328544617,650.1587677001953,154.2247438430786,656.7457580566406,286.7054092884064
1452,319.94845390319824,148.27828645706177,305.01394271850586,276.65871262550354,655.4448509216309,166.5580666065216,653.6340522766113,296.4133107662201
1456,329.6861457824707,144.1208839416504,307.54114151000977,267.950234413147,658.8039207458496,177.42384552955627,650.0636100769043,304.0703845024109
1460,338.5517978668213,141.82225227355957,310.57674407958984,260.9066355228424,660.7065010070801,186.96994543075562,646.2470054626465,310.03856778144836
1464,346.6017150878906,140.9521222114563,313.9236831665039,255.2401041984558,661.50146484375,195.35488486289978,642.3168754577637,314.6218138933182
1468,353.9099407196045,141.17713809013367,317.4496078491211,250.70937037467957,661.4482498168945,202.72884607315063,638.3557319641113,318.070952296257
1472,360.5551242828369,142.23900318145752,321.0655975341797,247.1142339706421,660.7421493530273,209.22804236412048,634.4147300720215,320.59228241443634
1476,366.61102294921875,143.9364230632782,324.7108840942383,244.29044723510742,659.5306777954102,214.96985793113708,630.5257415771484,322.3538339138031
1480,372.1442413330078,146.11174821853638,328.34343910217285,242.10359930992126,657.9281044006348,220.0553262233734,626.7094802856445,323.4939283132553
1484,377.21503257751465,148.64106059074402,331.9350242614746,240.44238924980164,656.0227203369141,224.57144737243652,622.9781913757324,324.1264736652374
1488,381.87512397766113,151.42622351646423,335.46544075012207,239.21537518501282,653.8846206665039,228.59176754951477,619.3400001525879,324.34553503990173
1492,386.16991996765137,154.38934564590454,338.9212131500244,238.34675788879395,651.5693092346191,232.1792757511139,615.7995986938477,324.2290037870407
1496,390.13864517211914,157.46869325637817,342.2930431365967,237.7739667892456,649.1216468811035,235.38769125938416,612.3600769042969,323.84189665317535
1500,393.81574630737305,160.61540722846985,345.57509422302246,237.44460225105286,646.5775680541992,238.26342701911926,609.0223503112793,323.2380133867264
1504,397.23094940185547,163.79060626029968,348.7638187408447,237.3151159286499,643.9665412902832,240.8462655544281,605.7867050170898,322.4623507261276
1508,400.4100036621094,166.963552236557,351.8570137023926,237.34936237335205,641.3127708435059,243.17042112350464,602.6530265808105,321.5525186061859
1512,403.37596893310547,170.1105558872223,354.85450744628906,237.51689314842224,638.6355400085449,245.26589155197144,599.6198272705078,320.53948044776917
1516,406.14864349365234,173.21301341056824,357.7565002441406,237.792409658432,635.950984954834,247.15861916542053,596.685791015625,319.44930732250214
1520,408.74542236328125,176.2563121318817,360.56382179260254,238.1546688079834,633.2724952697754,248.87097358703613,593.8493156433105,318.30358028411865
